{
	"7895e21a-8f3b-3e30-bea6-06108f64d5dc": 
		{
		"texture": "baby_yeti_pet"
		},
	"18bb99e0-16d9-3b46-a412-b8b87d6847f5": 
		{
		"texture": "bat_person_helmet"
		},
	"1911c3bb-c0af-3474-98e2-486478c5b9ea": 
		{
		"texture": "bat_pet"
		},
	"af894c68-45d0-3ae2-952c-b3cf925199ad": 
		{
		"texture": "bee_pet"
		},
	"1dc2c096-de81-31d7-8bba-4f6b10c0c84e": 
		{
		"texture": "black_cat_pet"
		},
	"67a04547-ae52-387e-9786-47949bdc74dc": 
		{
		"texture": "blaze_helmet"
		},
	"118fe834-28aa-3b0d-afe6-f0c52d01afe8": 
		{
		"texture": "blaze_pet"
		},
	"47c8ba46-82ac-3c09-b511-5502860eb012": 
		{
		"texture": "blue_whale_pet"
		},
	"5a27db2d-dcfe-38b5-8868-b1f536da5f0c": 
		{
		"texture": "bonzo_mask"
		},
	"df0a2ec6-7cea-3132-9ccf-2589a39719ba": 
		{
		"texture": "chicken_pet"
		},
	"48f53ffe-a3f0-3280-aac0-11cc0d6121f4": 
		{
		"texture": "dolphin_pet"
		},
	"cf7d262e-0ebf-3ad2-91c7-d05775bedd44": 
		{
		"texture": "elephant_pet"
		},
	"bc554a7a-507a-3ee7-809c-1820f86e1ceb": 
		{
		"texture": "ember_helmet"
		},
	"3f9632a1-0ce2-311a-97e7-b144dfcb74f3": 
		{
		"texture": "ender_dragon_pet"
		},
	"23d38889-0bf4-3d03-9d1a-e2be0daf244b": 
		{
		"texture": "ender_helmet"
		},
	"476cd413-4182-331d-845f-451608355831": 
		{
		"texture": "enderman_pet"
		},
	"a1f64509-9670-320a-a9bd-4a1e7df6fed9": 
		{
		"texture": "endermite_pet"
		},
	"c7b1a789-f7b4-394f-84a5-9ba19cb347d0": 
		{
		"texture": "flying_fish_pet"
		},
	"e9604568-dd39-3081-a5e2-541467b9d2db": 
		{
		"texture": "frozen_blaze_helmet"
		},
	"546819c1-9b46-31dc-a5be-d501bb3763f6": 
		{
		"texture": "ghoul_pet"
		},
	"11216f12-2843-31c8-bf8a-b8535e6c6dce": 
		{
		"texture": "giraffe_pet"
		},
	"7b5eba12-eea5-3b0f-968b-cf8578bee45b": 
		{
		"texture": "goldor_helmet"
		},
	"623fa763-a8d1-36c6-8dcf-09f100723d04": 
		{
		"texture": "golem_pet"
		},
	"357dc70d-fd29-3615-88fb-b465ade33f19": 
		{
		"texture": "griffin_pet"
		},
	"26508276-c01a-32a9-9201-7dae1724954e": 
		{
		"texture": "guardian_pet"
		},
	"881e59ef-cb3d-3ad7-bdab-ddf2520a6806": 
		{
		"texture": "holy_dragon_helmet"
		},
	"7e317c8a-0a4e-3133-9232-83b57d9a784e": 
		{
		"texture": "horse_pet"
		},
	"802a167c-cbcd-3a1f-becd-5b1a25a4cf15": 
		{
		"texture": "hound_pet"
		},
	"a7be2bb4-70a1-32e4-a981-8f26c5864371": 
		{
		"texture": "jellyfish_pet"
		},
	"c9540683-51e4-3942-ad17-4f2c3f3ae4b7": 
		{
		"texture": "jerry_pet"
		},
	"7e3ed445-3545-3c76-993b-8f292ea576c6": 
		{
		"texture": "lion_pet"
		},
	"35f02923-7bec-3869-9ef5-b42a4794cac8": 
		{
		"texture": "magma_cube_pet"
		},
	"ee05abe4-347b-3ea5-8248-fae93392140e": 
		{
		"texture": "maxor_helmet"
		},
	"82fc79b9-fded-3c05-b8dc-00e562803862": 
		{
		"texture": "megalodon_pet"
		},
	"63fcdb3b-2514-3e8b-b259-3acfd4aad50a": 
		{
		"texture": "mender_crown"
		},
	"57893e0f-a314-32fc-ab99-4c4e6cb20f07": 
		{
		"texture": "mender_fedora"
		},
	"4a3fc537-0fd3-3e3a-ab1b-cc5b7ed581db": 
		{
		"texture": "mender_helmet"
		},
	"cafa124e-da06-3b1a-b38e-f89824dcf2ab": 
		{
		"texture": "mineral_helmet"
		},
	"39fb84b5-72d3-3221-b373-aa315e956e83": 
		{
		"texture": "mithril_golem_pet"
		},
	"6adda4db-59ed-3dc5-ac1d-03a2c43f7dd0": 
		{
		"texture": "monkey_pet"
		},
	"16b91b55-02b7-3315-bd9a-7da8467e4a96": 
		{
		"texture": "necron_helmet"
		},
	"049e58ac-5c8d-3381-a4bd-e62e0261990c": 
		{
		"texture": "ocelot_pet"
		},
	"53b0f579-fb7b-338f-a224-447fc7006b41": 
		{
		"texture": "old_dragon_helmet"
		},
	"cbd58638-f78c-3f85-9b08-6b02f0614215": 
		{
		"texture": "parrot_pet"
		},
	"4173bc61-9e2f-3c84-8d31-4517e64062ab": 
		{
		"texture": "phoenix_pet"
		},
	"f6cb99e0-d9d4-34f9-8fe7-3cfaa93369f6": 
		{
		"texture": "pig_pet"
		},
	"fd837a44-d59d-3c1b-a4ac-6da86b08deb2": 
		{
		"texture": "pigman_pet"
		},
	"78aecd0f-e1ad-3b10-b74f-c991afb8ea1d": 
		{
		"texture": "precursor_eye"
		},
	"3b0f53e5-0eae-321a-ba65-fa653ee97064": 
		{
		"texture": "protector_dragon_helmet"
		},
	"a9a344e6-192c-335f-8d51-5bc1321cb350": 
		{
		"texture": "rabbit_pet"
		},
	"1ed7c993-8190-3055-a48c-f70f71b17284": 
		{
		"texture": "rock_pet"
		},
	"8c29f21d-0af3-324e-982b-dca5c7659bc4": 
		{
		"texture": "shadow_assassin_helmet"
		},
	"bafabf7d-16e6-32fb-9720-812419bacc73": 
		{
		"texture": "shark_scale_helmet"
		},
	"37bacd66-7fe6-39e3-81cf-82911daf648b": 
		{
		"texture": "sheep_pet"
		},
	"79e570d8-f66e-375c-9e70-97224ccd5692": 
		{
		"texture": "silverfish_pet"
		},
	"bd84da18-cd6c-3191-9bc5-0fa4c2071372": 
		{
		"texture": "skeleton_horse_pet"
		},	
	"a404772a-f923-34df-b7e3-49f7e556e179": 
		{
		"texture": "skeleton_pet"
		},
	"848130dc-9c46-3818-a099-b429cb2f1d75": 
		{
		"texture": "sniper_helmet"
		},
	"564f289a-f6ef-31a7-83d2-bce309d814f8": 
		{
		"texture": "snow_suit_helmet"
		},
	"b2b19dcd-dc67-31df-a790-e6cf07ae12ac": 
		{
		"texture": "snowman_pet"
		},
	"7c63f3cf-a963-311a-aeca-3a075b417806": 
		{
		"texture": "spider_pet"
		},
	"efd1a208-55e7-3f94-84ed-1aa246760cee": 
		{
		"texture": "spirit_pet"
		},
	"7b5da593-80d3-39f4-8220-2cef27c5b9d9": 
		{
		"texture": "squid_pet"
		},
	"a3552cdc-39ab-3f9f-9373-61c035f61b7d": 
		{
		"texture": "storm_helmet"
		},	
	"c671b34e-b143-30f3-b66d-5311f48fefc6": 
		{
		"texture": "strong_dragon_helmet"
		},
	"f69ba621-a8b6-31a7-8de1-dc7ade140e1d": 
		{
		"texture": "superior_dragon_helmet"
		},
	"3e5474d4-4365-3ea7-b4bc-b4edc54da341": 
		{
		"texture": "tarantula_pet"
		},
	"33a69ead-44ac-3791-9425-52109aacdaa6": 
		{
		"texture": "tiger_pet"
		},
	"f10d652b-906b-3065-adf5-9817983201ca": 
		{
		"texture": "turtle_pet"
		},
	"8584e5d0-47fc-388b-b3c8-f89a62f375bf": 
		{
		"texture": "unstable_dragon_helmet"
		},
	"33f37f6f-40aa-3fc0-bcf7-b2635f3f66d0": 
		{
		"texture": "water_hydra_head"
		},
	"b3c79a6a-103a-33cf-8ae2-579722654939": 
		{
		"texture": "wise_dragon_helmet"
		},
	"a289c858-9ac5-3b6c-b621-beb934129a37": 
		{
		"texture": "witch_mask"
		},
	"cf225c71-a676-30a0-90da-75907b9a99d0": 
		{
		"texture": "wither_helmet"
		},
	"d928ce5e-e75e-3cdc-aaf1-0c93d49b5c31": 
		{
		"texture": "wither_skeleton_pet"
		},
	"9d2b3b08-495a-3a45-a49a-0869cf7e8ffa": 
		{
		"texture": "wolf_pet"
		},
	"68fdf966-47cb-328e-a195-c6f154127cd9": 
		{
		"texture": "young_dragon_helmet"
		},
	"1c760ea5-2e91-3c2e-b52a-e17d11733658": 
		{
		"texture": "zombie_pet"
		}
}